Przedmiot,Waga
1,0.900000
2,0.600000
3,0.200000
4,0.800000
5,0.300000
6,0.700000
7,0.500000
8,0.600000
9,0.200000
10,0.900000
11,0.700000
12,0.300000
13,0.700000
14,0.400000
15,0.600000
16,0.900000
17,0.700000
18,1.000000
19,0.800000
20,0.500000
21,0.500000
22,0.200000
23,0.200000
24,0.900000
25,0.800000
26,0.600000
27,0.600000
28,0.800000
29,0.100000
30,1.000000
31,0.200000
32,0.500000
